﻿Designator,Footprint,Quantity,Value,LCSC Part #
C1,C_Radial_D6.3mm_H11.0mm_P2.50mm,1,6.3V 1000uF,
"C10, C11, C12, C13, C14, C15, C16, C17, C18, C19, C2, C20, C21, C22, C3, C4, C5, C6, C7, C8, C9",1206,21,C_1206_3216Metric,
"D1, D10, D11, D12, D13, D14, D15, D16, D17, D18, D2, D3, D4, D5, D6, D7, D8, D9",1206,18,D_1206_3216Metric,
"HOLE1, HOLE2, HOLE3, HOLE4",MountingHole_2.2mm_M2_Pad_Via,4,,
"LED_0, LED_1, LED_10, LED_11, LED_12, LED_13, LED_14, LED_15, LED_16, LED_17, LED_18, LED_19, LED_2, LED_20, LED_3, LED_4, LED_5, LED_6, LED_7, LED_8, LED_9","led_SK6812mini-e (per-key, single-side)",21,SK6812mini-e,
MCU1,Arduino_Pro_Micro,1,Arduino Pro Micro,
OLED1,OLED_headers,1,OLED,
ROT1,ec11,1,EC11,
"S1, S10, S11, S12, S13, S14, S15, S16, S17, S2, S3, S4, S5, S6, S7, S8, S9",MX,17,Kailh MX Switch Sockets,
