﻿Designator,Footprint,Quantity,Value,LCSC Part #
C1,CP_Elec_6.3x7.7,1,470uF 10V,
"C10, C11, C12, C13, C14, C15, C16, C17, C18, C19, C2, C20, C21, C22, C3, C4, C5, C6, C7, C8, C9",1206,21,C_1206_3216Metric,
"D1, D10, D11, D12, D13, D14, D15, D16, D17, D18, D2, D3, D4, D5, D6, D7, D8, D9",1206,18,D_1206_3216Metric,
"HOLE1, HOLE2, HOLE3, HOLE4",MountingHole_2.2mm_M2_Pad_Via,4,,
"LED1, LED10, LED11, LED12, LED13, LED14, LED15, LED16, LED17, LED18, LED19, LED2, LED20, LED21, LED3, LED4, LED5, LED6, LED7, LED8, LED9","led_SK6812mini-e (per-key, single-side)",21,SK6812mini-e,
MCU1,Arduino_Pro_Micro,1,Arduino Pro Micro,
OLED1,OLED_headers,1,OLED,
ROT1,ec11,1,EC11,
"S1, S10, S11, S12, S13, S14, S15, S16, S17, S2, S3, S4, S5, S6, S7, S8, S9",MX,17,Kailh MX Switch Sockets,
